id;email;password;address;contact;profile_photo;profile_photo_content_type
1;Rowena.Jenkins@gmail.com;grandfather;until;political promenade stamina;../fake-data/blob/hipster.png;image/png
2;Lysanne.Heller@yahoo.com;coat titillate;following scholarly suspiciously;over although boohoo;../fake-data/blob/hipster.png;image/png
3;Jensen.Pacocha89@yahoo.com;eek;fir;usage;../fake-data/blob/hipster.png;image/png
4;Berenice.Jacobs@yahoo.com;truly mile flower;quarrelsomely definite elude;catch gadzooks closely;../fake-data/blob/hipster.png;image/png
5;Ryleigh_Wilkinson1@yahoo.com;if aside steel;multicolored;woefully um;../fake-data/blob/hipster.png;image/png
6;Destini.Raynor68@gmail.com;whole absent against;trek across;foam;../fake-data/blob/hipster.png;image/png
7;Elinor76@yahoo.com;huzzah suede aside;kissingly former international;fiercely;../fake-data/blob/hipster.png;image/png
8;Colleen59@gmail.com;afore loop;pish on gee;like next;../fake-data/blob/hipster.png;image/png
9;Anya_Schamberger79@hotmail.com;dame repudiate excitedly;gasoline copying rectangular;quickly;../fake-data/blob/hipster.png;image/png
10;Ole_Douglas@hotmail.com;helplessly;once;armoire defiantly;../fake-data/blob/hipster.png;image/png
